date,name,description,link
2026-02-13T03:14:40-08:00,Termsy,,https://www.producthunt.com/products/termsy
2026-02-13T07:47:47-08:00,Seedance 2.0,,https://www.producthunt.com/products/pixeldance-seaweed
2026-02-06T11:44:15-08:00,SnapPoint,,https://www.producthunt.com/products/snappoint
2026-02-13T03:05:29-08:00,OpenBug,,https://www.producthunt.com/products/openbug
2026-02-13T20:51:15-08:00,Your Love Style,,https://www.producthunt.com/products/your-love-style-a-valentine-s-day-event
2026-02-12T02:56:28-08:00,Elebean,,https://www.producthunt.com/products/elebean
2026-02-13T02:24:54-08:00,Valentine Online ,,https://www.producthunt.com/products/valentine-online
2026-02-13T22:32:22-08:00,Cline CLI 2.0,,https://www.producthunt.com/products/cline-4
2026-02-10T11:21:48-08:00,TexTab,,https://www.producthunt.com/products/textab
2026-02-13T07:56:46-08:00,WikiTrip 2.0,,https://www.producthunt.com/products/wikitrip
2026-01-30T07:17:08-08:00,CozyTwo,,https://www.producthunt.com/products/cozytwo
2026-02-12T21:23:29-08:00,TrumpRx,,https://www.producthunt.com/products/trumprx
2026-02-12T04:19:38-08:00,LogiCoal,,https://www.producthunt.com/products/logicoal
2026-02-09T14:37:17-08:00,Lovon AI Therapy,,https://www.producthunt.com/products/lovon
2026-02-12T16:26:45-08:00,Atomic Bot,,https://www.producthunt.com/products/atomic-bot
2026-02-12T13:49:11-08:00,GoClaw,,https://www.producthunt.com/products/goclaw
2026-02-12T11:26:35-08:00,GPT‑5.3‑Codex‑Spark,,https://www.producthunt.com/products/openai
2026-02-12T04:11:10-08:00,Product Front,,https://www.producthunt.com/products/product-front
2026-02-09T05:47:43-08:00,ZenMux,,https://www.producthunt.com/products/zenmux-2
2026-01-29T08:28:03-08:00,Code Arena,,https://www.producthunt.com/products/arena-5
2026-02-10T10:34:03-08:00,Walme Wallet,,https://www.producthunt.com/products/walme-wallet
2026-02-11T23:14:05-08:00,Meme Dealer,,https://www.producthunt.com/products/meme-dealer-2
2026-02-12T06:06:44-08:00,Typeletter,,https://www.producthunt.com/products/typeletter-letters-to-the-soul
2026-02-11T17:38:01-08:00,GLM-5,,https://www.producthunt.com/products/z-ai
2026-02-10T02:47:01-08:00,FlowGrid,,https://www.producthunt.com/products/flowgrid
2026-02-12T10:45:59-08:00,Fabric by Carmel Labs,,https://www.producthunt.com/products/fabric-by-carmel-labs
2026-02-12T00:48:33-08:00,MyBikeFitting,,https://www.producthunt.com/products/mybikefitting
2026-02-12T14:49:34-08:00,Cosmic-light,,https://www.producthunt.com/products/cosmic-light
2025-12-29T09:50:27-08:00,Kasbu.bio,,https://www.producthunt.com/products/kasbu-bio
2026-02-12T18:48:26-08:00,Media Library by beehiiv,,https://www.producthunt.com/products/beehiiv
2026-02-12T20:33:46-08:00,Plae,,https://www.producthunt.com/products/plae
2026-02-12T10:55:36-08:00,MailMolt,,https://www.producthunt.com/products/mailmolt
2026-02-09T01:01:02-08:00,Visual Editing by DatoCMS,,https://www.producthunt.com/products/dato-cms
2026-02-11T18:01:09-08:00,ChartStud,,https://www.producthunt.com/products/chartstud-2
2026-02-11T08:57:59-08:00,Itsyhome,,https://www.producthunt.com/products/itsyhome
2026-02-09T02:55:00-08:00,Resume Builder by Foundire,,https://www.producthunt.com/products/foundire-2
2025-12-30T00:43:39-08:00,Edgee,,https://www.producthunt.com/products/edgee
2026-02-10T13:35:27-08:00,Cube,,https://www.producthunt.com/products/cube-dev
2026-01-21T12:15:33-08:00,Visla AI Director Mode,,https://www.producthunt.com/products/visla
2026-02-06T07:51:20-08:00,FocalRead ,,https://www.producthunt.com/products/focalread-speed-read-anything
2026-01-25T23:11:04-08:00,Gro,,https://www.producthunt.com/products/gro-2
2026-02-07T18:20:54-08:00,Seda ,,https://www.producthunt.com/products/seda
2026-02-10T17:14:24-08:00,Granary by Speakeasy,,https://www.producthunt.com/products/speakeasy-3
2026-01-28T08:03:11-08:00,EditWithAva,,https://www.producthunt.com/products/editwithava
2026-02-11T13:18:14-08:00,Outris Identity MCP,,https://www.producthunt.com/products/real-identity-mcp
2026-02-04T16:55:14-08:00,Lindy Assistant,,https://www.producthunt.com/products/lindy
2026-02-05T09:34:13-08:00,Starnus,,https://www.producthunt.com/products/starnus
2026-02-11T03:13:22-08:00,Make AI Agents,,https://www.producthunt.com/products/make-4
2026-02-11T06:11:31-08:00,Matchable,,https://www.producthunt.com/products/matchable
2026-02-11T08:45:00-08:00,Palgo,,https://www.producthunt.com/products/palgo
2026-02-11T06:32:37-08:00,Powering,,https://www.producthunt.com/products/powering
2026-02-08T22:52:14-08:00,TrendWidget,,https://www.producthunt.com/products/trendwidget
2026-02-11T22:30:30-08:00,Zendesk Signals by Usercall,,https://www.producthunt.com/products/zendesk-signals-by-usercall
2026-02-11T13:09:20-08:00,Clawezy,,https://www.producthunt.com/products/clawezy
2026-02-11T19:05:44-08:00,Scout Program,,https://www.producthunt.com/products/scout-program
